{
  "case_id": "TCGA-56-5898",
  "affine_thumb": [
    [
      0.9702968395744022,
      -0.0012562916411939786,
      30.000658529501443
    ],
    [
      0.00125629164119646,
      0.970296839574407,
      25.873546369111303
    ]
  ],
  "flow_crop_origin": [
    103,
    94
  ],
  "flow_shape": [
    1147,
    1405,
    2
  ],
  "metrics": {
    "tissue_overlap_affine": 0.9702085402184707,
    "tissue_overlap_warped": 0.9880834160873883,
    "icp_contour_error_px": 8.012980954701849,
    "flow_mean_px": 4.243568420410156,
    "flow_max_px": 22.650047302246094
  },
  "coordinate_map": {
    "magnification_scale": 2.0,
    "swap_axes": true,
    "offset_x": 0.0,
    "offset_y": 0.0,
    "flip_x": false,
    "flip_y": false,
    "notes": "PHOENIX obsm spatial is 20x pixels with axes swapped vs OpenSlide level-0: slide_x=phoenix_y*2, slide_y=phoenix_x*2"
  }
}