{
  "case_id": "TCGA-70-6722",
  "signature": "Treg",
  "tile_size": 128,
  "source": "phoenix_registered",
  "tiles": [
    {
      "x": 751,
      "y": 1445,
      "n_cells": 1280,
      "Treg": 0.09789300364500378,
      "Effector_cells": 0.13806739074439975,
      "Macrophages": 0.11447848118017039,
      "CAF": 0.28596287116524766
    }
  ]
}